No,Symbol, StockName,Sector,Currency,Board,ListDate,NoOfShares
1,AALI,Astra Agro Lestari Tbk.,Agriculture,IDR,UTAMA,09 Des 1997,"1,924,688,333"
2,ANDI,Andira Agro Tbk.,Agriculture,IDR,PENGEMBANGAN,16 Ags 2018,"9,350,000,000"
3,ANJT,Austindo Nusantara Jaya Tbk.,Agriculture,USD,Utama,08 Mei 2013,"3,354,175,000"
4,BEEF,Estika Tata Tiara Tbk.,Agriculture,IDR,PENGEMBANGAN,10-Jan-19,"1,884,312,565"
5,BISI,BISI International Tbk.,Agriculture,IDR,UTAMA,28 Mei 2007,"3,000,000,000"
6,BWPT,Eagle High Plantations Tbk.,Agriculture,IDR,UTAMA,27 Okt 2009,"31,525,291,000"
7,CSRA,Cisadane Sawit Raya Tbk.,Agriculture,IDR,Pengembangan,9-Jan-20,"2,050,000,000"
8,DSFI,Dharma Samudera Fishing Indust,Agriculture,IDR,UTAMA,24-Mar-00,"1,857,135,500"
9,DSNG,Dharma Satya Nusantara Tbk.,Agriculture,IDR,UTAMA,14-Jun-13,"10,599,842,400"
10,GOLL,Golden Plantation Tbk.,Agriculture,IDR,PENGEMBANGAN,23 Des 2014,"3,665,000,759"
11,GZCO,Gozco Plantations Tbk.,Agriculture,IDR,Utama,15 Mei 2008,"6,000,000,000"
12,JAWA,Jaya Agra Wattie Tbk.,Agriculture,IDR,UTAMA,30 Mei 2011,"3,774,685,500"
13,LSIP,PP London Sumatra Indonesia Tb,Agriculture,IDR,UTAMA,5-Jul-96,"6,822,863,965"
14,MAGP,Multi Agro Gemilang Plantation,Agriculture,IDR,Pengembangan,16-Jan-13,"9,000,000,004"
15,MGRO,Mahkota Group Tbk.,Agriculture,IDR,Utama,12-Jul-18,"3,554,445,700"
16,PALM,Provident Agro Tbk.,Agriculture,IDR,PENGEMBANGAN,08 Okt 2012,"7,119,540,356"
17,SGRO,Sampoerna Agro Tbk.,Agriculture,IDR,UTAMA,18-Jun-07,"1,890,000,000"
18,SIMP,Salim Ivomas Pratama Tbk.,Agriculture,IDR,UTAMA,9-Jun-11,"15,816,310,000"
19,SMAR,Smart Tbk.,Agriculture,IDR,PENGEMBANGAN,20-Nov-92,"2,872,193,366"
20,SSMS,Sawit Sumbermas Sarana Tbk.,Agriculture,IDR,UTAMA,12 Des 2013,"9,525,000,000"
21,UNSP,Bakrie Sumatera Plantations Tb,Agriculture,IDR,UTAMA,6-Mar-90,"2,500,162,344"
1,ADMG,Polychem Indonesia Tbk,Basic Industry & Chemicals,IDR,Utama,20 Okt 1993,"3,889,179,559"
2,AGII,Aneka Gas Industri Tbk.,Basic Industry & Chemicals,IDR,UTAMA,28-Sep-16,"3,066,660,000"
3,AKPI,Argha Karya Prima Industry Tbk,Basic Industry & Chemicals,IDR,PENGEMBANGAN,18 Des 1992,"680,000,000"
4,ALDO,Alkindo Naratama Tbk.,Basic Industry & Chemicals,IDR,Pengembangan,12-Jul-11,"1,100,000,000"
5,ALKA,Alakasa Industrindo Tbk,Basic Industry & Chemicals,IDR,PENGEMBANGAN,12-Jul-90,"507,665,055"
6,ALMI,Alumindo Light Metal Industry,Basic Industry & Chemicals,IDR,PENGEMBANGAN,2-Jan-97,"616,000,000"
7,AMFG,Asahimas Flat Glass Tbk.,Basic Industry & Chemicals,IDR,Utama,8-Nov-95,"434,000,000"
8,APLI,Asiaplast Industries Tbk.,Basic Industry & Chemicals,IDR,UTAMA,01 Mei 2000,"1,362,671,400"
9,ARNA,Arwana Citramulia Tbk.,Basic Industry & Chemicals,IDR,UTAMA,17-Jul-01,"7,341,430,976"
10,BAJA,Saranacentral Bajatama Tbk.,Basic Industry & Chemicals,IDR,PENGEMBANGAN,21 Des 2011,"1,800,000,000"
11,BRNA,Berlina Tbk.,Basic Industry & Chemicals,IDR,PENGEMBANGAN,6-Nov-89,"979,110,000"
12,BRPT,Barito Pacific Tbk.,Basic Industry & Chemicals,USD,UTAMA,01 Okt 1993,"89,016,503,420"
13,BTON,Betonjaya Manunggal Tbk.,Basic Industry & Chemicals,IDR,PENGEMBANGAN,18-Jul-01,"720,000,000"
14,CAKK,Cahayaputra Asa Keramik Tbk.,Basic Industry & Chemicals,IDR,Pengembangan,31 Okt 2018,"1,203,300,006"
15,CPIN,Charoen Pokphand Indonesia Tbk,Basic Industry & Chemicals,IDR,UTAMA,18-Mar-91,"16,398,000,000"
16,CPRO,Central Proteina Prima Tbk.,Basic Industry & Chemicals,IDR,UTAMA,28-Nov-06,"59,572,382,787"
17,CTBN,Citra Tubindo Tbk.,Basic Industry & Chemicals,IDR,UTAMA,28-Nov-89,"800,371,500"
18,DPNS,Duta Pertiwi Nusantara Tbk.,Basic Industry & Chemicals,IDR,UTAMA,08 Ags 1990,"331,129,952"
19,EKAD,Ekadharma International Tbk.,Basic Industry & Chemicals,IDR,UTAMA,14 Ags 1990,"698,775,000"
20,ESIP,Sinergi Inti Plastindo Tbk.,Basic Industry & Chemicals,IDR,Pengembangan,14-Nov-19,"640,000,000"
21,ETWA,Eterindo Wahanatama Tbk,Basic Industry & Chemicals,IDR,UTAMA,16 Mei 1997,"968,297,000"
22,FASW,Fajar Surya Wisesa Tbk.,Basic Industry & Chemicals,IDR,UTAMA,19 Des 1994,"2,477,888,787"
23,FPNI,Lotte Chemical Titan Tbk.,Basic Industry & Chemicals,IDR,PENGEMBANGAN,21-Mar-02,"5,566,414,000"
24,GDST,Gunawan Dianjaya Steel Tbk.,Basic Industry & Chemicals,IDR,Pengembangan,23 Des 2009,"9,242,500,000"
25,GGRP,Gunung Raja Paksi Tbk.,Basic Industry & Chemicals,IDR,Pengembangan,19-Sep-19,"12,111,376,157"
26,IFII,Indonesia Fibreboard Industry,Basic Industry & Chemicals,IDR,Utama,10 Des 2019,"9,412,000,000"
27,IGAR,Champion Pacific Indonesia Tbk,Basic Industry & Chemicals,IDR,UTAMA,5-Nov-90,"972,204,500"
28,IMPC,Impack Pratama Industri Tbk.,Basic Industry & Chemicals,IDR,PENGEMBANGAN,17 Des 2014,"4,833,500,000"
29,INAI,Indal Aluminium Industry Tbk.,Basic Industry & Chemicals,IDR,PENGEMBANGAN,05 Des 1994,"633,600,000"
30,INCF,Indo Komoditi Korpora Tbk.,Basic Industry & Chemicals,IDR,PENGEMBANGAN,18 Des 1989,"1,438,370,465"
31,INCI,Intanwijaya Internasional Tbk,Basic Industry & Chemicals,IDR,UTAMA,24-Jul-90,"196,121,237"
32,INKP,Indah Kiat Pulp & Paper Tbk.,Basic Industry & Chemicals,USD,Utama,16-Jul-90,"5,470,982,941"
33,INOV,Inocycle Technology Group Tbk.,Basic Industry & Chemicals,IDR,Pengembangan,10-Jul-19,"1,808,221,900"
34,INRU,Toba Pulp Lestari Tbk.,Basic Industry & Chemicals,USD,PENGEMBANGAN,18-Jun-90,"1,388,883,283"
35,INTP,Indocement Tunggal Prakarsa Tb,Basic Industry & Chemicals,IDR,Utama,05 Des 1989,"3,681,231,699"
36,IPOL,Indopoly Swakarsa Industry Tbk,Basic Industry & Chemicals,USD,UTAMA,9-Jul-10,"6,443,379,509"
37,ISSP,Steel Pipe Industry of Indones,Basic Industry & Chemicals,IDR,UTAMA,22-Feb-13,"7,185,992,035"
38,JKSW,Jakarta Kyoei Steel Works Tbk.,Basic Industry & Chemicals,USD,PENGEMBANGAN,06 Ags 1997,"150,000,000"
39,JPFA,Japfa Comfeed Indonesia Tbk.,Basic Industry & Chemicals,IDR,UTAMA,23 Okt 1989,"11,726,575,201"
40,KBRI,Kertas Basuki Rachmat Indonesi,Basic Industry & Chemicals,IDR,PENGEMBANGAN,11-Jul-08,"8,687,995,734"
41,KDSI,Kedawung Setia Industrial Tbk.,Basic Industry & Chemicals,IDR,PENGEMBANGAN,29-Jul-96,"405,000,000"
42,KIAS,Keramika Indonesia Assosiasi T,Basic Industry & Chemicals,IDR,PENGEMBANGAN,08 Des 1994,"14,929,100,000"
43,KMTR,Kirana Megatara Tbk.,Basic Industry & Chemicals,IDR,PENGEMBANGAN,19-Jun-17,"8,215,366,379"
44,KRAS,Krakatau Steel (Persero) Tbk.,Basic Industry & Chemicals,USD,UTAMA,10-Nov-10,"19,346,396,900"
45,LION,Lion Metal Works Tbk.,Basic Industry & Chemicals,IDR,UTAMA,20 Ags 1993,"520,160,000"
46,LMSH,Lionmesh Prima Tbk.,Basic Industry & Chemicals,IDR,PENGEMBANGAN,4-Jun-90,"96,000,000"
47,MAIN,Malindo Feedmill Tbk.,Basic Industry & Chemicals,IDR,UTAMA,10-Feb-06,"2,238,750,000"
48,MARK,Mark Dynamics Indonesia Tbk.,Basic Industry & Chemicals,IDR,PENGEMBANGAN,12-Jul-17,"3,800,000,310"
49,MDKI,Emdeki Utama Tbk.,Basic Industry & Chemicals,IDR,Pengembangan,25-Sep-17,"2,530,150,002"
50,MLIA,Mulia Industrindo Tbk,Basic Industry & Chemicals,IDR,PENGEMBANGAN,17-Jan-94,"1,323,000,000"
51,MOLI,Madusari Murni Indah Tbk.,Basic Industry & Chemicals,IDR,PENGEMBANGAN,30 Ags 2018,"2,334,888,498"
52,NIKL,Pelat Timah Nusantara Tbk.,Basic Industry & Chemicals,IDR,UTAMA,14 Des 2009,"2,523,350,000"
53,PBID,Panca Budi Idaman Tbk.,Basic Industry & Chemicals,IDR,PENGEMBANGAN,13 Des 2017,"1,875,000,000"
54,PICO,Pelangi Indah Canindo Tbk,Basic Industry & Chemicals,IDR,Pengembangan,23-Sep-96,"568,375,000"
55,PURE,Trinitan Metals and Minerals T,Basic Industry & Chemicals,IDR,Utama,09 Okt 2019,"1,333,333,500"
56,SINI,Singaraja Putra Tbk.,Basic Industry & Chemicals,IDR,Pengembangan,8-Nov-19,"450,000,000"
57,SIPD,Sierad Produce Tbk.,Basic Industry & Chemicals,IDR,PENGEMBANGAN,27 Des 1996,"1,339,102,579"
58,SMBR,Semen Baturaja (Persero) Tbk.,Basic Industry & Chemicals,IDR,Utama,28-Jun-13,"9,932,534,336"
59,SMCB,Solusi Bangun Indonesia Tbk.,Basic Industry & Chemicals,IDR,UTAMA,10 Ags 1977,"7,662,900,000"
60,SMGR,Semen Indonesia (Persero) Tbk.,Basic Industry & Chemicals,IDR,UTAMA,8-Jul-91,"5,931,520,000"
61,SMKL,Satyamitra Kemas Lestari Tbk.,Basic Industry & Chemicals,IDR,UTAMA,11-Jul-19,"3,400,000,005"
62,SPMA,Suparma Tbk.,Basic Industry & Chemicals,IDR,UTAMA,16-Nov-94,"2,114,570,958"
63,SRSN,Indo Acidatama Tbk,Basic Industry & Chemicals,IDR,UTAMA,11-Jan-93,"6,020,000,000"
64,SULI,SLJ Global Tbk.,Basic Industry & Chemicals,IDR,Utama,21-Mar-94,"3,986,916,802"
65,SWAT,Sriwahana Adityakarta Tbk.,Basic Industry & Chemicals,IDR,PENGEMBANGAN,8-Jun-18,"3,019,200,000"
66,TALF,Tunas Alfin Tbk.,Basic Industry & Chemicals,IDR,PENGEMBANGAN,17-Jan-14,"1,353,435,000"
67,TBMS,Tembaga Mulia Semanan Tbk.,Basic Industry & Chemicals,IDR,Pengembangan,23 Mei 1990,"367,340,000"
68,TDPM,Tridomain Performance Material,Basic Industry & Chemicals,IDR,UTAMA,9-Apr-18,"10,485,050,500"
69,TIRT,Tirta Mahakam Resources Tbk,Basic Industry & Chemicals,IDR,UTAMA,13 Des 1999,"1,011,774,750"
70,TKIM,Pabrik Kertas Tjiwi Kimia Tbk.,Basic Industry & Chemicals,USD,Utama,3-Apr-90,"3,113,223,570"
71,TOTO,Surya Toto Indonesia Tbk.,Basic Industry & Chemicals,IDR,PENGEMBANGAN,30 Okt 1990,"10,320,000,000"
72,TPIA,Chandra Asri Petrochemical Tbk,Basic Industry & Chemicals,USD,Pengembangan,24-Jun-96,"17,833,520,260"
73,TRST,Trias Sentosa Tbk.,Basic Industry & Chemicals,IDR,UTAMA,2-Jul-90,"2,808,000,000"
74,UNIC,Unggul Indah Cahaya Tbk.,Basic Industry & Chemicals,IDR,UTAMA,6-Nov-89,"383,331,363"
75,WSBP,Waskita Beton Precast Tbk.,Basic Industry & Chemicals,IDR,Utama,20-Sep-16,"26,361,157,534"
76,WTON,Wijaya Karya Beton Tbk.,Basic Industry & Chemicals,IDR,UTAMA,8-Apr-14,"8,715,466,600"
77,YPAS,Yanaprima Hastapersada Tbk,Basic Industry & Chemicals,IDR,Pengembangan,5-Mar-08,"668,000,089"
1,ADES,Akasha Wira International Tbk.,Consumer Goods Industry,IDR,PENGEMBANGAN,13-Jun-94,"589,896,800"
2,AISA,Tiga Pilar Sejahtera Food Tbk.,Consumer Goods Industry,USD,Utama,11-Jun-97,"3,218,600,000"
3,ALTO,Tri Banyan Tirta Tbk.,Consumer Goods Industry,IDR,UTAMA,10-Jul-12,"2,191,870,558"
4,BTEK,Bumi Teknokultura Unggul Tbk,Consumer Goods Industry,IDR,PENGEMBANGAN,14 Mei 2004,"46,277,496,376"
5,BUDI,Budi Starch & Sweetener Tbk.,Consumer Goods Industry,IDR,UTAMA,08 Mei 1995,"4,498,997,362"
6,CAMP,Campina Ice Cream Industry Tbk,Consumer Goods Industry,IDR,PENGEMBANGAN,19 Des 2017,"5,885,000,000"
7,CEKA,Wilmar Cahaya Indonesia Tbk.,Consumer Goods Industry,IDR,Utama,9-Jul-96,"595,000,000"
8,CINT,Chitose Internasional Tbk.,Consumer Goods Industry,IDR,PENGEMBANGAN,27-Jun-14,"1,000,000,000"
9,CLEO,Sariguna Primatirta Tbk.,Consumer Goods Industry,IDR,UTAMA,05 Mei 2017,"12,000,000,000"
10,COCO,Wahana Interfood Nusantara Tbk,Consumer Goods Industry,IDR,PENGEMBANGAN,20-Mar-19,"560,242,205"
11,DLTA,Delta Djakarta Tbk.,Consumer Goods Industry,IDR,UTAMA,12-Feb-84,"800,659,050"
12,DMND,Diamond Food Indonesia Tbk.,Consumer Goods Industry,IDR,Utama,22-Jan-20,"9,468,359,000"
13,DVLA,Darya-Varia Laboratoria Tbk.,Consumer Goods Industry,IDR,UTAMA,11-Nov-94,"1,120,000,000"
14,FOOD,Sentra Food Indonesia Tbk.,Consumer Goods Industry,IDR,PENGEMBANGAN,8-Jan-19,"650,000,000"
15,GGRM,Gudang Garam Tbk.,Consumer Goods Industry,IDR,Utama,27 Ags 1990,"1,924,088,000"
16,GOOD,Garudafood Putra Putri Jaya Tb,Consumer Goods Industry,IDR,UTAMA,10 Okt 2018,"7,379,580,291"
17,HMSP,H.M. Sampoerna Tbk.,Consumer Goods Industry,IDR,UTAMA,15 Ags 1990,"116,318,076,900"
18,HOKI,Buyung Poetra Sembada Tbk.,Consumer Goods Industry,IDR,UTAMA,22-Jun-17,"2,378,407,400"
19,HRTA,Hartadinata Abadi Tbk.,Consumer Goods Industry,IDR,PENGEMBANGAN,21-Jun-17,"4,605,262,400"
20,ICBP,Indofood CBP Sukses Makmur Tbk,Consumer Goods Industry,IDR,UTAMA,07 Okt 2010,"11,661,908,000"
21,IIKP,Inti Agri Resources Tbk,Consumer Goods Industry,IDR,PENGEMBANGAN,20 Okt 2002,"33,600,000,000"
22,INAF,Indofarma (Persero) Tbk.,Consumer Goods Industry,IDR,Utama,17-Apr-01,"3,099,267,500"
23,INDF,Indofood Sukses Makmur Tbk.,Consumer Goods Industry,IDR,UTAMA,14-Jul-94,"8,780,426,500"
24,ITIC,Indonesian Tobacco Tbk.,Consumer Goods Industry,IDR,PENGEMBANGAN,4-Jul-19,"940,720,000"
25,KAEF,Kimia Farma (Persero) Tbk.,Consumer Goods Industry,IDR,UTAMA,4-Jul-01,"5,554,000,000"
26,KEJU,Mulia Boga Raya Tbk.,Consumer Goods Industry,IDR,Pengembangan,25-Nov-19,"1,500,000,000"
27,KICI,Kedaung Indah Can Tbk,Consumer Goods Industry,IDR,UTAMA,28 Okt 1993,"276,000,000"
28,KINO,Kino Indonesia Tbk.,Consumer Goods Industry,IDR,PENGEMBANGAN,11 Des 2015,"1,428,571,500"
29,KLBF,Kalbe Farma Tbk.,Consumer Goods Industry,IDR,UTAMA,30-Jul-91,"46,875,122,110"
30,KPAS,Cottonindo Ariesta Tbk.,Consumer Goods Industry,IDR,Pengembangan,05 Okt 2018,"768,042,782"
31,LMPI,Langgeng Makmur Industri Tbk.,Consumer Goods Industry,IDR,PENGEMBANGAN,17 Okt 1994,"1,008,517,669"
32,MBTO,Martina Berto Tbk.,Consumer Goods Industry,IDR,Utama,13-Jan-11,"1,070,000,000"
33,MERK,Merck Tbk.,Consumer Goods Industry,IDR,PENGEMBANGAN,23-Jul-81,"448,000,000"
34,MGNA,Magna Investama Mandiri Tbk.,Consumer Goods Industry,IDR,Pengembangan,7-Jul-14,"1,003,080,977"
35,MLBI,Multi Bintang Indonesia Tbk.,Consumer Goods Industry,IDR,UTAMA,17-Jan-94,"2,107,000,000"
36,MRAT,Mustika Ratu Tbk.,Consumer Goods Industry,IDR,UTAMA,27-Jul-95,"428,000,000"
37,MYOR,Mayora Indah Tbk.,Consumer Goods Industry,IDR,UTAMA,4-Jul-90,"22,358,699,725"
38,PANI,Pratama Abadi Nusa Industri Tb,Consumer Goods Industry,IDR,PENGEMBANGAN,18-Sep-18,"410,000,000"
39,PCAR,Prima Cakrawala Abadi Tbk.,Consumer Goods Industry,IDR,PENGEMBANGAN,29 Des 2017,"1,166,666,700"
40,PEHA,Phapros Tbk.,Consumer Goods Industry,IDR,,1-Jan-11,"840,000,000"
41,PSDN,Prasidha Aneka Niaga Tbk,Consumer Goods Industry,IDR,PENGEMBANGAN,18 Okt 1994,"1,440,000,000"
42,PSGO,Palma Serasih Tbk.,Consumer Goods Industry,IDR,Pengembangan,25-Nov-19,"18,850,000,000"
43,PYFA,Pyridam Farma Tbk,Consumer Goods Industry,IDR,Pengembangan,16 Okt 2001,"535,080,000"
44,RMBA,Bentoel Internasional Investam,Consumer Goods Industry,IDR,UTAMA,5-Mar-90,"36,401,136,250"
45,ROTI,Nippon Indosari Corpindo Tbk.,Consumer Goods Industry,IDR,Utama,28-Jun-10,"6,186,488,888"
46,SCPI,Merck Sharp Dohme Pharma Tbk.,Consumer Goods Industry,USD,Pengembangan,8-Jun-90,"3,600,000"
47,SIDO,Industri Jamu dan Farmasi Sido,Consumer Goods Industry,IDR,Utama,18 Des 2013,"15,000,000,000"
48,SKBM,Sekar Bumi Tbk.,Consumer Goods Industry,IDR,PENGEMBANGAN,5-Jan-93,"1,726,003,217"
49,SKLT,Sekar Laut Tbk.,Consumer Goods Industry,IDR,PENGEMBANGAN,8-Sep-93,"690,740,500"
50,STTP,Siantar Top Tbk.,Consumer Goods Industry,IDR,PENGEMBANGAN,16 Des 1996,"1,310,000,000"
51,TBLA,Tunas Baru Lampung Tbk.,Consumer Goods Industry,IDR,Utama,14-Feb-00,"5,342,098,939"
52,TCID,Mandom Indonesia Tbk.,Consumer Goods Industry,IDR,UTAMA,30-Sep-93,"201,066,667"
53,TSPC,Tempo Scan Pacific Tbk.,Consumer Goods Industry,IDR,UTAMA,17-Jun-94,"4,500,000,000"
54,ULTJ,Ultra Jaya Milk Industry & Tra,Consumer Goods Industry,IDR,UTAMA,2-Jul-90,"11,553,528,000"
55,UNVR,Unilever Indonesia Tbk.,Consumer Goods Industry,IDR,UTAMA,11-Jan-82,"38,150,000,000"
56,WIIM,Wismilak Inti Makmur Tbk.,Consumer Goods Industry,IDR,UTAMA,18 Des 2012,"2,099,873,760"
57,WOOD,Integra Indocabinet Tbk.,Consumer Goods Industry,IDR,PENGEMBANGAN,21-Jun-17,"6,306,250,000"
1,ABDA,Asuransi Bina Dana Arta Tbk.,Finance,IDR,Pengembangan,6-Jul-89,"620,806,680"
2,ADMF,Adira Dinamika Multi Finance T,Finance,IDR,Utama,31-Mar-04,"1,000,000,000"
3,AGRO,Bank Rakyat Indonesia Agroniag,Finance,IDR,UTAMA,08 Ags 2003,"21,129,857,328"
4,AGRS,Bank IBK Indonesia Tbk.,Finance,IDR,Pengembangan,22 Des 2014,"7,037,266,148"
5,AHAP,Asuransi Harta Aman Pratama Tb,Finance,IDR,PENGEMBANGAN,14-Sep-90,"2,940,000,000"
6,AMAG,Asuransi Multi Artha Guna Tbk.,Finance,IDR,PENGEMBANGAN,23 Des 2005,"5,001,552,516"
7,AMAR,Bank Amar Indonesia Tbk.,Finance,IDR,Pengembangan,9-Jan-20,"7,954,749,000"
8,AMOR,Ashmore Asset Management Indon,Finance,IDR,Pengembangan,14-Jan-20,"1,111,111,200"
9,APIC,Pacific Strategic Financial Tb,Finance,IDR,PENGEMBANGAN,18 Des 2002,"11,766,313,488"
10,ARTO,Bank Artos Indonesia Tbk.,Finance,IDR,PENGEMBANGAN,12-Jan-16,"1,194,187,500"
11,ASBI,Asuransi Bintang Tbk.,Finance,IDR,PENGEMBANGAN,29-Nov-89,"348,386,472"
12,ASDM,Asuransi Dayin Mitra Tbk.,Finance,IDR,PENGEMBANGAN,15 Des 1989,"192,000,000"
13,ASJT,Asuransi Jasa Tania Tbk.,Finance,IDR,Pengembangan,29 Des 2003,"600,000,000"
14,ASMI,Asuransi Kresna Mitra Tbk.,Finance,IDR,Utama,16-Jan-14,"8,958,380,460"
15,ASRM,Asuransi Ramayana Tbk.,Finance,IDR,PENGEMBANGAN,19-Mar-90,"234,064,634"
16,BABP,Bank MNC Internasional Tbk.,Finance,IDR,PENGEMBANGAN,15-Jul-02,"25,061,669,637"
17,BACA,Bank Capital Indonesia Tbk.,Finance,IDR,PENGEMBANGAN,04 Okt 2007,"6,999,771,107"
18,BBCA,Bank Central Asia Tbk.,Finance,IDR,UTAMA,31 Mei 2000,"24,408,459,900"
19,BBHI,Bank Harda Internasional Tbk.,Finance,IDR,PENGEMBANGAN,12 Ags 2015,"4,142,587,477"
20,BBKP,Bank Bukopin Tbk.,Finance,IDR,Utama,10-Jul-06,"11,535,389,661"
21,BBLD,Buana Finance Tbk.,Finance,IDR,PENGEMBANGAN,07 Mei 1990,"1,645,796,054"
22,BBMD,Bank Mestika Dharma Tbk.,Finance,IDR,UTAMA,8-Jul-13,"4,049,189,100"
23,BBNI,Bank Negara Indonesia (Persero,Finance,IDR,UTAMA,25-Nov-96,"18,462,169,893"
24,BBRI,Bank Rakyat Indonesia (Persero,Finance,IDR,Utama,10-Nov-03,"122,112,351,900"
25,BBTN,Bank Tabungan Negara (Persero),Finance,IDR,Utama,17 Des 2009,"10,484,100,000"
26,BBYB,Bank Yudha Bhakti Tbk.,Finance,IDR,UTAMA,13-Jan-15,"6,100,164,280"
27,BCAP,MNC Kapital Indonesia Tbk.,Finance,IDR,Utama,8-Jun-01,"38,906,368,927"
28,BCIC,Bank JTrust Indonesia Tbk.,Finance,USD,Pengembangan,25-Jun-97,"9,912,003,256"
29,BDMN,Bank Danamon Indonesia Tbk.,Finance,IDR,UTAMA,06 Des 1989,"9,675,817,341"
30,BEKS,Bank Pembangunan Daerah Banten,Finance,IDR,PENGEMBANGAN,13-Jul-01,"63,468,336,053"
31,BFIN,BFI Finance Indonesia Tbk.,Finance,IDR,PENGEMBANGAN,16 Mei 1990,"15,967,115,620"
32,BGTG,Bank Ganesha Tbk.,Finance,IDR,PENGEMBANGAN,12 Mei 2016,"11,063,309,400"
33,BINA,Bank Ina Perdana Tbk.,Finance,IDR,Utama,16-Jan-14,"5,597,831,250"
34,BJBR,Bank Pembangunan Daerah Jawa B,Finance,IDR,Utama,8-Jul-10,"9,740,399,289"
35,BJTM,Bank Pembangunan Daerah Jawa T,Finance,IDR,UTAMA,12-Jul-12,"14,852,553,796"
36,BKSW,Bank QNB Indonesia Tbk.,Finance,IDR,Pengembangan,21-Nov-02,"20,232,319,124"
37,BMAS,Bank Maspion Indonesia Tbk.,Finance,IDR,PENGEMBANGAN,11-Jul-13,"4,399,026,922"
38,BMRI,Bank Mandiri (Persero) Tbk.,Finance,IDR,Utama,14-Jul-03,"46,199,999,998"
39,BNBA,Bank Bumi Arta Tbk.,Finance,IDR,PENGEMBANGAN,1-Jun-06,"2,286,900,000"
40,BNGA,Bank CIMB Niaga Tbk.,Finance,IDR,Utama,29-Nov-89,"24,880,290,775"
41,BNII,Bank Maybank Indonesia Tbk.,Finance,IDR,Utama,21-Nov-89,"75,357,433,911"
42,BNLI,Bank Permata Tbk.,Finance,IDR,UTAMA,15-Jan-90,"27,762,311,813"
43,BPFI,Batavia Prosperindo Finance Tb,Finance,IDR,PENGEMBANGAN,1-Jun-09,"1,782,663,575"
44,BPII,Batavia Prosperindo Internasio,Finance,IDR,PENGEMBANGAN,8-Jul-14,"562,224,662"
45,BRIS,Bank BRIsyariah Tbk.,Finance,IDR,UTAMA,1-Jan-11,"9,618,952,363"
46,BSIM,Bank Sinarmas Tbk.,Finance,IDR,UTAMA,13 Des 2010,"16,783,894,926"
47,BSWD,Bank Of India Indonesia Tbk.,Finance,USD,Pengembangan,01 Mei 2002,"1,374,912,000"
48,BTPN,Bank BTPN Tbk.,Finance,IDR,Utama,12-Mar-08,"8,065,879,461"
49,BTPS,Bank Tabungan Pensiunan Nasion,Finance,IDR,Utama,08 Mei 2018,"7,626,663,000"
50,BVIC,Bank Victoria International Tb,Finance,IDR,Utama,30-Jun-99,"8,862,427,568"
51,CASA,Capital Financial Indonesia Tb,Finance,IDR,PENGEMBANGAN,19-Jul-16,"54,476,241,442"
52,CFIN,Clipan Finance Indonesia Tbk.,Finance,IDR,UTAMA,02 Okt 1990,"3,984,520,457"
53,DEFI,Danasupra Erapacific Tbk.,Finance,IDR,PENGEMBANGAN,6-Jul-01,"687,266,666"
54,DNAR,Bank Oke Indonesia Tbk.,Finance,IDR,Utama,11-Jul-14,"8,787,562,275"
55,FINN,First Indo American Leasing Tb,Finance,IDR,PENGEMBANGAN,8-Jun-17,"1,860,225,000"
56,FUJI,Fuji Finance Indonesia Tbk.,Finance,IDR,PENGEMBANGAN,9-Jul-19,"1,105,000,000"
57,GSMF,Equity Development Investment,Finance,IDR,PENGEMBANGAN,13 Okt 1989,"7,454,723,337"
58,HDFA,Radana Bhaskara Finance Tbk.,Finance,IDR,UTAMA,10 Mei 2011,"6,096,972,783"
59,IBFN,Intan Baruprana Finance Tbk.,Finance,IDR,PENGEMBANGAN,22 Des 2014,"1,517,321,249"
60,IMJS,Indomobil Multi Jasa Tbk.,Finance,IDR,UTAMA,10 Des 2013,"5,769,550,000"
61,INPC,Bank Artha Graha Internasional,Finance,IDR,UTAMA,29 Ags 1990,"15,638,233,267"
62,JMAS,Asuransi Jiwa Syariah Jasa Mit,Finance,IDR,Pengembangan,18 Des 2017,"1,000,000,000"
63,LIFE,Asuransi Jiwa Sinarmas MSIG Tb,Finance,IDR,UTAMA,9-Jul-19,"2,100,000,000"
64,LPGI,Lippo General Insurance Tbk.,Finance,IDR,UTAMA,22-Jul-97,"150,000,000"
65,LPPS,Lippo Securities Tbk.,Finance,IDR,PENGEMBANGAN,28-Mar-94,"2,588,250,000"
66,MAYA,Bank Mayapada Internasional Tb,Finance,IDR,Utama,29 Ags 1997,"6,764,086,593"
67,MCOR,Bank China Construction Bank I,Finance,IDR,UTAMA,3-Jul-07,"16,465,148,150"
68,MEGA,Bank Mega Tbk.,Finance,IDR,UTAMA,17-Apr-00,"6,894,138,227"
69,MFIN,Mandala Multifinance Tbk.,Finance,IDR,Pengembangan,6-Sep-05,"2,650,000,000"
70,MREI,Maskapai Reasuransi Indonesia,Finance,IDR,PENGEMBANGAN,4-Sep-89,"517,791,681"
71,MTWI,Malacca Trust Wuwungan Insuran,Finance,IDR,PENGEMBANGAN,11 Okt 2017,"1,525,819,116"
72,NISP,Bank OCBC NISP Tbk.,Finance,IDR,UTAMA,20 Okt 1994,"22,715,776,032"
73,NOBU,Bank Nationalnobu Tbk.,Finance,IDR,UTAMA,20 Mei 2013,"4,393,533,177"
74,PADI,Minna Padi Investama Sekuritas,Finance,IDR,Utama,9-Jan-12,"11,307,246,524"
75,PANS,Panin Sekuritas Tbk.,Finance,IDR,UTAMA,31 Des 2000,"720,000,000"
76,PNBN,Bank Pan Indonesia Tbk,Finance,IDR,Utama,29 Des 1982,"23,837,645,998"
77,PNBS,Bank Panin Dubai Syariah Tbk.,Finance,IDR,UTAMA,15-Jan-14,"23,719,447,472"
78,PNIN,Paninvest Tbk.,Finance,IDR,UTAMA,20-Sep-83,"4,068,323,920"
79,PNLF,Panin Financial Tbk.,Finance,IDR,UTAMA,14-Jun-93,"32,022,073,293"
80,POLA,Pool Advista Finance Tbk.,Finance,IDR,PENGEMBANGAN,16-Nov-18,"2,727,886,300"
81,RELI,Reliance Sekuritas Indonesia T,Finance,IDR,UTAMA,13-Jul-05,"1,800,000,000"
82,SDRA,Bank Woori Saudara Indonesia 1,Finance,IDR,UTAMA,15 Des 2006,"6,515,116,991"
83,SMMA,Sinarmas Multiartha Tbk.,Finance,IDR,Utama,5-Jul-95,"6,367,664,717"
84,TIFA,Tifa Finance Tbk.,Finance,IDR,Pengembangan,8-Jul-11,"1,079,700,000"
85,TRIM,Trimegah Sekuritas Indonesia T,Finance,IDR,UTAMA,31-Jan-00,"7,109,300,000"
86,TRUS,Trust Finance Indonesia Tbk,Finance,IDR,PENGEMBANGAN,28-Nov-02,"800,000,000"
87,TUGU,Asuransi Tugu Pratama Indonesi,Finance,IDR,Pengembangan,28 Mei 2018,"1,777,777,800"
88,VICO,Victoria Investama Tbk.,Finance,IDR,Utama,8-Jul-13,"9,150,094,680"
89,VINS,Victoria Insurance Tbk.,Finance,IDR,PENGEMBANGAN,28-Sep-15,"1,456,606,201"
90,VRNA,Verena Multi Finance Tbk.,Finance,IDR,Pengembangan,25-Jun-08,"5,687,353,997"
91,WOMF,Wahana Ottomitra Multiartha Tb,Finance,IDR,UTAMA,13 Des 2004,"3,481,481,480"
92,YULE,Yulie Sekuritas Indonesia Tbk.,Finance,IDR,PENGEMBANGAN,10 Des 2004,"1,785,000,000"
1,AKSI,Maming Enam Sembilan Mineral T,Infrastructure Utilities & Transportation,IDR,Pengembangan,13-Jul-01,"720,000,000"
2,APOL,Arpeni Pratama Ocean Line Tbk.,Infrastructure Utilities & Transportation,IDR,UTAMA,22-Jun-05,"16,452,282,461"
3,ASSA,Adi Sarana Armada Tbk.,Infrastructure Utilities & Transportation,IDR,UTAMA,12-Nov-12,"3,397,500,000"
4,BALI,Bali Towerindo Sentra Tbk.,Infrastructure Utilities & Transportation,IDR,Pengembangan,13-Mar-14,"3,934,592,500"
5,BBRM,Pelayaran Nasional Bina Buana,Infrastructure Utilities & Transportation,IDR,Utama,9-Jan-13,"5,367,076,248"
6,BIRD,Blue Bird Tbk.,Infrastructure Utilities & Transportation,IDR,UTAMA,5-Nov-14,"2,502,100,000"
7,BLTA,Berlian Laju Tanker Tbk,Infrastructure Utilities & Transportation,IDR,UTAMA,26-Mar-90,"25,940,187,103"
8,BPTR,Batavia Prosperindo Trans Tbk.,Infrastructure Utilities & Transportation,IDR,UTAMA,9-Jul-18,"1,550,000,000"
9,BTEL,Bakrie Telecom Tbk.,Infrastructure Utilities & Transportation,IDR,UTAMA,3-Feb-06,"36,822,665,755"
10,BUKK,Bukaka Teknik Utama Tbk.,Infrastructure Utilities & Transportation,IDR,Pengembangan,9-Jan-95,"2,640,452,000"
11,BULL,Buana Lintas Lautan Tbk.,Infrastructure Utilities & Transportation,USD,Utama,23 Mei 2011,"11,371,675,077"
12,CANI,Capitol Nusantara Indonesia Tb,Infrastructure Utilities & Transportation,IDR,UTAMA,16-Jan-14,"833,440,000"
13,CASS,Cardig Aero Services Tbk.,Infrastructure Utilities & Transportation,IDR,PENGEMBANGAN,05 Des 2011,"2,086,950,000"
14,CENT,Centratama Telekomunikasi Indo,Infrastructure Utilities & Transportation,IDR,PENGEMBANGAN,1-Nov-01,"31,183,464,900"
15,CMNP,Citra Marga Nusaphala Persada,Infrastructure Utilities & Transportation,IDR,UTAMA,10-Jan-95,"3,620,831,944"
16,CMPP,AirAsia Indonesia Tbk.,Infrastructure Utilities & Transportation,IDR,PENGEMBANGAN,08 Des 1994,"10,685,124,441"
17,DEAL,Dewata Freightinternational Tb,Infrastructure Utilities & Transportation,IDR,PENGEMBANGAN,9-Nov-18,"1,132,748,008"
18,EXCL,XL Axiata Tbk.,Infrastructure Utilities & Transportation,IDR,Utama,29-Sep-05,"10,687,960,423"
19,FREN,Smartfren Telecom Tbk.,Infrastructure Utilities & Transportation,IDR,UTAMA,29-Nov-06,"217,964,239,613"
20,GHON,Gihon Telekomunikasi Indonesia,Infrastructure Utilities & Transportation,IDR,Utama,9-Apr-18,"550,000,000"
21,GIAA,Garuda Indonesia (Persero) Tbk,Infrastructure Utilities & Transportation,USD,Utama,11-Feb-11,"25,886,576,254"
22,GOLD,Visi Telekomunikasi Infrastruk,Infrastructure Utilities & Transportation,IDR,PENGEMBANGAN,7-Jul-10,"1,277,276,000"
23,HELI,Jaya Trishindo Tbk.,Infrastructure Utilities & Transportation,IDR,Pengembangan,27-Mar-18,"819,000,000"
24,HITS,Humpuss Intermoda Transportasi,Infrastructure Utilities & Transportation,IDR,UTAMA,15 Des 1997,"7,101,084,801"
25,IATA,Indonesia Transport & Infrastr,Infrastructure Utilities & Transportation,IDR,PENGEMBANGAN,13-Sep-06,"10,697,665,114"
26,IBST,Inti Bangun Sejahtera Tbk.,Infrastructure Utilities & Transportation,IDR,UTAMA,31 Ags 2012,"1,350,904,927"
27,IPCC,Indonesia Kendaraan Terminal T,Infrastructure Utilities & Transportation,IDR,PENGEMBANGAN,9-Jul-18,"1,818,384,820"
28,IPCM,Jasa Armada Indonesia Tbk.,Infrastructure Utilities & Transportation,IDR,Pengembangan,22 Des 2017,"5,284,811,100"
29,ISAT,Indosat Tbk.,Infrastructure Utilities & Transportation,IDR,UTAMA,19 Okt 1994,"5,433,933,500"
30,JAST,Jasnita Telekomindo Tbk.,Infrastructure Utilities & Transportation,IDR,PENGEMBANGAN,16 Mei 2019,"813,626,700"
31,JAYA,Armada Berjaya Trans Tbk.,Infrastructure Utilities & Transportation,IDR,PENGEMBANGAN,21-Feb-19,"375,000,105"
32,JSMR,Jasa Marga (Persero) Tbk.,Infrastructure Utilities & Transportation,IDR,Utama,12-Nov-07,"7,257,871,200"
33,KARW,ICTSI Jasa Prima Tbk.,Infrastructure Utilities & Transportation,USD,PENGEMBANGAN,20 Des 2008,"587,152,700"
34,KEEN,Kencana Energi Lestari Tbk.,Infrastructure Utilities & Transportation,IDR,Utama,2-Sep-19,"3,666,312,500"
35,KJEN,Krida Jaringan Nusantara Tbk.,Infrastructure Utilities & Transportation,IDR,PENGEMBANGAN,1-Jul-19,"500,000,000"
36,KOPI,Mitra Energi Persada Tbk.,Infrastructure Utilities & Transportation,IDR,PENGEMBANGAN,04 Mei 2015,"697,266,668"
37,LAPD,Leyand International Tbk.,Infrastructure Utilities & Transportation,IDR,PENGEMBANGAN,17-Jul-01,"3,966,350,139"
38,LCKM,LCK Global Kedaton Tbk.,Infrastructure Utilities & Transportation,IDR,PENGEMBANGAN,16-Jan-18,"1,000,000,000"
39,LEAD,Logindo Samudramakmur Tbk.,Infrastructure Utilities & Transportation,USD,Utama,11 Des 2013,"4,049,616,328"
40,LRNA,Eka Sari Lorena Transport Tbk.,Infrastructure Utilities & Transportation,IDR,PENGEMBANGAN,15-Apr-14,"350,000,022"
41,MBSS,Mitrabahtera Segara Sejati Tbk,Infrastructure Utilities & Transportation,USD,UTAMA,6-Apr-11,"1,750,026,639"
42,META,Nusantara Infrastructure Tbk.,Infrastructure Utilities & Transportation,IDR,UTAMA,18-Jul-01,"17,710,708,194"
43,MIRA,Mitra International Resources,Infrastructure Utilities & Transportation,IDR,PENGEMBANGAN,30-Jan-97,"3,961,452,039"
44,MPOW,Megapower Makmur Tbk.,Infrastructure Utilities & Transportation,IDR,PENGEMBANGAN,5-Jul-17,"816,997,053"
45,MTPS,Meta Epsi Tbk.,Infrastructure Utilities & Transportation,IDR,PENGEMBANGAN,10-Apr-19,"2,084,774,979"
46,NELY,Pelayaran Nelly Dwi Putri Tbk.,Infrastructure Utilities & Transportation,IDR,PENGEMBANGAN,11 Okt 2012,"2,350,000,000"
47,OASA,Protech Mitra Perkasa Tbk.,Infrastructure Utilities & Transportation,IDR,PENGEMBANGAN,18-Jul-16,"358,600,000"
48,PGAS,Perusahaan Gas Negara Tbk.,Infrastructure Utilities & Transportation,USD,UTAMA,15 Des 2003,"24,241,508,196"
49,PORT,Nusantara Pelabuhan Handal Tbk,Infrastructure Utilities & Transportation,IDR,Pengembangan,16-Mar-17,"2,813,941,985"
50,POWR,Cikarang Listrindo Tbk.,Infrastructure Utilities & Transportation,USD,UTAMA,14-Jun-16,"16,087,156,000"
51,PPRE,PP Presisi Tbk.,Infrastructure Utilities & Transportation,IDR,UTAMA,24-Nov-17,"10,224,271,000"
52,PSSI,Pelita Samudera Shipping Tbk.,Infrastructure Utilities & Transportation,IDR,PENGEMBANGAN,05 Des 2017,"5,417,063,153"
53,PTIS,Indo Straits Tbk.,Infrastructure Utilities & Transportation,IDR,UTAMA,12-Jul-11,"550,165,300"
54,RAJA,Rukun Raharja Tbk.,Infrastructure Utilities & Transportation,USD,UTAMA,19-Apr-06,"4,227,082,500"
55,RIGS,Rig Tenders Indonesia Tbk.,Infrastructure Utilities & Transportation,IDR,PENGEMBANGAN,26-Mar-90,"609,130,000"
56,SAFE,Steady Safe Tbk,Infrastructure Utilities & Transportation,IDR,PENGEMBANGAN,15 Ags 1994,"615,145,012"
57,SAPX,Satria Antaran Prima Tbk.,Infrastructure Utilities & Transportation,IDR,PENGEMBANGAN,03 Okt 2018,"833,333,300"
58,SDMU,Sidomulyo Selaras Tbk.,Infrastructure Utilities & Transportation,IDR,Pengembangan,12-Jul-11,"1,135,225,000"
59,SHIP,Sillo Maritime Perdana Tbk.,Infrastructure Utilities & Transportation,IDR,PENGEMBANGAN,16-Jun-16,"2,719,790,000"
60,SMDR,Samudera Indonesia Tbk.,Infrastructure Utilities & Transportation,IDR,Utama,05 Des 1999,"3,275,120,000"
61,SOCI,Soechi Lines Tbk.,Infrastructure Utilities & Transportation,USD,UTAMA,03 Des 2014,"7,059,000,000"
62,SUPR,Solusi Tunas Pratama Tbk.,Infrastructure Utilities & Transportation,IDR,PENGEMBANGAN,11 Okt 2011,"1,137,579,698"
63,TAMU,Pelayaran Tamarin Samudra Tbk.,Infrastructure Utilities & Transportation,IDR,PENGEMBANGAN,10 Mei 2017,"37,500,000,000"
64,TAXI,Express Transindo Utama Tbk.,Infrastructure Utilities & Transportation,IDR,UTAMA,2-Nov-12,"6,145,600,000"
65,TBIG,Tower Bersama Infrastructure T,Infrastructure Utilities & Transportation,IDR,UTAMA,26 Okt 2010,"22,656,999,445"
66,TCPI,Transcoal Pacific Tbk.,Infrastructure Utilities & Transportation,IDR,PENGEMBANGAN,6-Jul-18,"5,000,000,000"
67,TEBE,Dana Brata Luhur Tbk.,Infrastructure Utilities & Transportation,IDR,Pengembangan,18-Nov-19,"1,285,000,000"
68,TGRA,Terregra Asia Energy Tbk.,Infrastructure Utilities & Transportation,IDR,UTAMA,16 Mei 2017,"2,750,000,000"
69,TLKM,Telekomunikasi Indonesia (Pers,Infrastructure Utilities & Transportation,IDR,UTAMA,14-Nov-95,"99,062,216,600"
70,TMAS,Temas Tbk.,Infrastructure Utilities & Transportation,IDR,Utama,9-Jul-03,"5,705,150,000"
71,TNCA,Trimuda Nuansa Citra Tbk.,Infrastructure Utilities & Transportation,IDR,PENGEMBANGAN,28-Jun-18,"421,640,000"
72,TOWR,Sarana Menara Nusantara Tbk.,Infrastructure Utilities & Transportation,IDR,Utama,8-Mar-10,"51,014,625,000"
73,TPMA,Trans Power Marine Tbk.,Infrastructure Utilities & Transportation,IDR,PENGEMBANGAN,20-Feb-13,"2,633,300,000"
74,TRUK,Guna Timur Raya Tbk.,Infrastructure Utilities & Transportation,IDR,PENGEMBANGAN,23 Mei 2018,"435,000,000"
75,WEHA,WEHA Transportasi Indonesia Tb,Infrastructure Utilities & Transportation,IDR,UTAMA,31 Mei 2007,"886,411,265"
76,WINS,Wintermar Offshore Marine Tbk.,Infrastructure Utilities & Transportation,USD,UTAMA,29-Nov-10,"4,243,011,640"
1,ADRO,Adaro Energy Tbk.,Mining,USD,Utama,16-Jul-08,"31,985,962,000"
2,ANTM,Aneka Tambang Tbk.,Mining,IDR,UTAMA,27-Nov-97,"24,030,764,725"
3,APEX,Apexindo Pratama Duta Tbk.,Mining,IDR,Utama,10-Jul-02,"2,659,850,000"
4,ARII,Atlas Resources Tbk.,Mining,IDR,PENGEMBANGAN,8-Nov-11,"3,000,000,000"
5,ARTI,Ratu Prabu Energi Tbk,Mining,IDR,UTAMA,30-Apr-03,"7,840,000,000"
6,BIPI,Astrindo Nusantara Infrastrukt,Mining,USD,Pengembangan,11-Feb-10,"44,693,066,193"
7,BOSS,Borneo Olah Sarana Sukses Tbk.,Mining,IDR,PENGEMBANGAN,15-Feb-18,"1,400,000,000"
8,BRMS,Bumi Resources Minerals Tbk.,Mining,USD,PENGEMBANGAN,09 Des 2010,"62,322,456,902"
9,BSSR,Baramulti Suksessarana Tbk.,Mining,IDR,PENGEMBANGAN,8-Nov-12,"2,616,500,000"
10,BUMI,Bumi Resources Tbk.,Mining,USD,PENGEMBANGAN,30-Jul-90,"65,476,942,288"
11,BYAN,Bayan Resources Tbk.,Mining,USD,UTAMA,12 Ags 2008,"3,333,333,500"
12,CITA,Cita Mineral Investindo Tbk.,Mining,IDR,PENGEMBANGAN,20-Mar-02,"3,370,734,900"
13,CKRA,Cakra Mineral Tbk.,Mining,USD,PENGEMBANGAN,19 Mei 1999,"5,106,021,090"
14,CTTH,Citatah Tbk.,Mining,IDR,Pengembangan,3-Jul-96,"1,230,839,821"
15,DEWA,Darma Henwa Tbk,Mining,IDR,UTAMA,26-Sep-07,"21,853,733,792"
16,DKFT,Central Omega Resources Tbk.,Mining,IDR,PENGEMBANGAN,21-Nov-97,"5,638,246,600"
17,DOID,Delta Dunia Makmur Tbk.,Mining,USD,PENGEMBANGAN,15-Jun-01,"8,619,817,982"
18,DSSA,Dian Swastatika Sentosa Tbk,Mining,IDR,UTAMA,10 Des 2009,"770,552,320"
19,ELSA,Elnusa Tbk.,Mining,IDR,UTAMA,6-Feb-08,"7,298,500,000"
20,ENRG,Energi Mega Persada Tbk.,Mining,USD,PENGEMBANGAN,7-Jun-04,"10,342,179,272"
21,ESSA,Surya Esa Perkasa Tbk.,Mining,USD,Utama,1-Feb-12,"14,300,000,000"
22,FIRE,Alfa Energi Investama Tbk.,Mining,IDR,PENGEMBANGAN,9-Jun-17,"1,475,363,179"
23,GEMS,Golden Energy Mines Tbk.,Mining,USD,UTAMA,17-Nov-11,"5,882,353,000"
24,GTBO,Garda Tujuh Buana Tbk,Mining,IDR,PENGEMBANGAN,9-Jul-09,"2,500,000,000"
25,HRUM,Harum Energy Tbk.,Mining,USD,Utama,06 Okt 2010,"2,703,620,000"
26,IFSH,Ifishdeco Tbk.,Mining,IDR,Pengembangan,05 Des 2019,"2,125,000,000"
27,INCO,Vale Indonesia Tbk.,Mining,USD,UTAMA,16 Mei 1990,"9,936,338,720"
28,INDY,Indika Energy Tbk.,Mining,USD,Utama,11-Jun-08,"5,210,192,000"
29,ITMG,Indo Tambangraya Megah Tbk.,Mining,USD,UTAMA,18 Des 2007,"1,129,925,000"
30,KKGI,Resource Alam Indonesia Tbk.,Mining,USD,UTAMA,1-Jul-91,"5,000,000,000"
31,MBAP,Mitrabara Adiperdana Tbk.,Mining,IDR,PENGEMBANGAN,10-Jul-14,"1,227,271,952"
32,MDKA,Merdeka Copper Gold Tbk.,Mining,USD,PENGEMBANGAN,19-Jun-15,"21,897,591,650"
33,MEDC,Medco Energi Internasional Tbk,Mining,USD,UTAMA,12 Okt 1994,"17,920,453,606"
34,MITI,Mitra Investindo Tbk.,Mining,IDR,PENGEMBANGAN,16-Jul-97,"1,411,550,800"
35,MTFN,Capitalinc Investment Tbk.,Mining,IDR,PENGEMBANGAN,16-Apr-90,"31,842,082,852"
36,MYOH,Samindo Resources Tbk.,Mining,IDR,UTAMA,27-Jul-00,"2,206,312,500"
37,PKPK,Perdana Karya Perkasa Tbk,Mining,IDR,PENGEMBANGAN,11-Jul-07,"600,000,000"
38,PSAB,J Resources Asia Pasifik Tbk.,Mining,USD,Pengembangan,22-Apr-03,"26,460,000,000"
39,PTBA,Bukit Asam Tbk.,Mining,IDR,UTAMA,23 Des 2002,"11,520,659,250"
40,PTRO,Petrosea Tbk.,Mining,IDR,Utama,21 Mei 1990,"1,008,605,000"
41,RUIS,Radiant Utama Interinsco Tbk.,Mining,IDR,Pengembangan,12-Jul-06,"770,000,000"
42,SMMT,Golden Eagle Energy Tbk.,Mining,IDR,PENGEMBANGAN,01 Des 2007,"3,150,000,000"
43,SMRU,SMR Utama Tbk.,Mining,IDR,PENGEMBANGAN,10 Okt 2011,"12,499,385,782"
44,SURE,Super Energy Tbk.,Mining,IDR,PENGEMBANGAN,05 Okt 2018,"1,497,576,771"
45,TINS,Timah Tbk.,Mining,IDR,Utama,19 Okt 1995,"7,447,753,454"
46,TOBA,Toba Bara Sejahtra Tbk.,Mining,IDR,UTAMA,6-Jul-12,"8,049,964,000"
47,TRAM,Trada Alam Minera Tbk.,Mining,IDR,Utama,10-Sep-08,"49,643,625,618"
48,WOWS,Ginting Jaya Energi Tbk.,Mining,IDR,Pengembangan,8-Nov-19,"2,475,720,000"
49,ZINC,Kapuas Prima Coal Tbk.,Mining,IDR,PENGEMBANGAN,16 Okt 2017,"25,250,000,000"
1,AMIN,Ateliers Mecaniques D Indonesi,Miscellaneous,IDR,PENGEMBANGAN,10 Des 2015,"1,080,000,000"
2,ARGO,Argo Pantes Tbk,Miscellaneous,USD,PENGEMBANGAN,7-Jan-91,"335,557,450"
3,ARKA,Arkha Jayanti Persada Tbk.,Miscellaneous,IDR,PENGEMBANGAN,10-Jul-19,"2,000,000,000"
4,ASII,Astra International Tbk.,Miscellaneous,IDR,Utama,4-Apr-90,"40,483,553,140"
5,AUTO,Astra Otoparts Tbk.,Miscellaneous,IDR,UTAMA,15-Jun-98,"4,819,733,000"
6,BATA,Sepatu Bata Tbk.,Miscellaneous,IDR,Utama,24-Mar-82,"1,300,000,000"
7,BELL,Trisula Textile Industries Tbk,Miscellaneous,IDR,PENGEMBANGAN,03 Okt 2017,"1,450,000,000"
8,BIMA,Primarindo Asia Infrastructure,Miscellaneous,IDR,PENGEMBANGAN,30 Ags 1994,"608,175,716"
9,BOLT,Garuda Metalindo Tbk.,Miscellaneous,IDR,PENGEMBANGAN,7-Jul-15,"2,343,750,000"
10,BRAM,Indo Kordsa Tbk.,Miscellaneous,IDR,Utama,5-Sep-90,"450,000,000"
11,CCSI,Communication Cable Systems In,Miscellaneous,IDR,Pengembangan,18-Jun-19,"1,000,000,000"
12,CNTX,Century Textile Industry Tbk.,Miscellaneous,IDR,PENGEMBANGAN,22 Mei 1979,"70,000,000"
13,ERTX,Eratex Djaja Tbk.,Miscellaneous,IDR,PENGEMBANGAN,21 Ags 1990,"1,286,539,792"
14,ESTI,Ever Shine Tex Tbk.,Miscellaneous,IDR,UTAMA,13 Okt 1992,"2,015,208,720"
15,GDYR,Goodyear Indonesia Tbk.,Miscellaneous,IDR,Utama,22 Des 1980,"410,000,000"
16,GJTL,Gajah Tunggal Tbk.,Miscellaneous,IDR,UTAMA,08 Mei 1990,"3,484,800,000"
17,GMFI,Garuda Maintenance Facility Ae,Miscellaneous,USD,UTAMA,10 Okt 2017,"28,233,511,500"
18,HDTX,Panasia Indo Resources Tbk.,Miscellaneous,IDR,UTAMA,6-Jun-90,"3,601,462,800"
19,IKBI,Sumi Indo Kabel Tbk.,Miscellaneous,IDR,PENGEMBANGAN,21-Jan-91,"1,224,000,000"
20,IMAS,Indomobil Sukses Internasional,Miscellaneous,IDR,UTAMA,15-Sep-93,"2,765,278,412"
21,INDR,Indo-Rama Synthetics Tbk.,Miscellaneous,IDR,UTAMA,03 Ags 1990,"654,351,707"
22,INDS,Indospring Tbk.,Miscellaneous,IDR,UTAMA,10 Ags 1990,"656,249,710"
23,JECC,Jembo Cable Company Tbk.,Miscellaneous,IDR,PENGEMBANGAN,18-Nov-92,"151,200,000"
24,JSKY,Sky Energy Indonesia Tbk.,Miscellaneous,IDR,UTAMA,28-Mar-18,"2,032,540,000"
25,KBLI,KMI Wire & Cable Tbk.,Miscellaneous,IDR,Utama,6-Jul-92,"4,007,235,107"
26,KBLM,Kabelindo Murni Tbk.,Miscellaneous,IDR,PENGEMBANGAN,1-Jun-92,"1,120,000,000"
27,KPAL,Steadfast Marine Tbk.,Miscellaneous,IDR,UTAMA,8-Jun-18,"1,069,009,400"
28,KRAH,Grand Kartech Tbk.,Miscellaneous,IDR,PENGEMBANGAN,8-Nov-13,"971,190,000"
29,LPIN,Multi Prima Sejahtera Tbk,Miscellaneous,IDR,PENGEMBANGAN,5-Feb-90,"425,000,000"
30,MASA,Multistrada Arah Sarana Tbk.,Miscellaneous,USD,UTAMA,9-Jun-05,"9,182,946,945"
31,MYTX,Asia Pacific Investama Tbk.,Miscellaneous,IDR,Utama,10 Okt 1989,"7,747,281,949"
32,NIPS,Nipress Tbk.,Miscellaneous,IDR,PENGEMBANGAN,24-Jul-91,"1,635,333,332"
33,PBRX,Pan Brothers Tbk.,Miscellaneous,USD,UTAMA,16 Ags 1990,"6,478,295,611"
34,POLU,Golden Flower Tbk.,Miscellaneous,IDR,Pengembangan,26-Jun-19,"750,000,000"
35,POLY,Asia Pacific Fibers Tbk,Miscellaneous,IDR,PENGEMBANGAN,12-Mar-91,"2,495,753,334"
36,PRAS,Prima Alloy Steel Universal Tb,Miscellaneous,IDR,UTAMA,12-Jul-90,"701,043,478"
37,PTSN,Sat Nusapersada Tbk,Miscellaneous,IDR,Utama,8-Nov-07,"5,314,344,000"
38,RICY,Ricky Putra Globalindo Tbk,Miscellaneous,IDR,UTAMA,22-Jan-98,"641,717,510"
39,SCCO,Supreme Cable Manufacturing &,Miscellaneous,IDR,UTAMA,20-Jul-82,"205,583,400"
40,SLIS,Gaya Abadi Sempurna Tbk.,Miscellaneous,IDR,Pengembangan,07 Okt 2019,"2,000,000,000"
41,SMSM,Selamat Sempurna Tbk.,Miscellaneous,IDR,UTAMA,9-Sep-96,"5,758,675,440"
42,SRIL,Sri Rejeki Isman Tbk.,Miscellaneous,USD,Utama,17-Jun-13,"20,452,176,844"
43,SSTM,Sunson Textile Manufacture Tbk,Miscellaneous,IDR,Pengembangan,20 Ags 1997,"1,170,909,181"
44,STAR,Buana Artha Anugerah Tbk.,Miscellaneous,IDR,UTAMA,13-Jul-11,"4,800,000,602"
45,TFCO,Tifico Fiber Indonesia Tbk.,Miscellaneous,IDR,Pengembangan,26-Feb-80,"4,823,076,400"
46,TRIS,Trisula International Tbk.,Miscellaneous,IDR,Pengembangan,28-Jun-12,"3,141,443,806"
47,UCID,Uni-Charm Indonesia Tbk.,Miscellaneous,IDR,Utama,20 Des 2019,"4,156,572,300"
48,UNIT,Nusantara Inti Corpora Tbk,Miscellaneous,IDR,PENGEMBANGAN,18-Apr-02,"75,422,200"
49,VOKS,Voksel Electric Tbk.,Miscellaneous,IDR,UTAMA,20 Des 1990,"4,155,602,595"
50,ZONE,Mega Perintis Tbk.,Miscellaneous,IDR,PENGEMBANGAN,12 Des 2018,"870,171,478"
1,ACST,Acset Indonusa Tbk.,Property Real Estate & Building Construction,IDR,UTAMA,24-Jun-13,"700,000,000"
2,ADHI,Adhi Karya (Persero) Tbk.,Property Real Estate & Building Construction,IDR,UTAMA,18-Mar-04,"3,560,849,376"
3,APLN,Agung Podomoro Land Tbk.,Property Real Estate & Building Construction,IDR,Utama,11-Nov-10,"19,364,561,700"
4,ARMY,Armidian Karyatama Tbk.,Property Real Estate & Building Construction,IDR,PENGEMBANGAN,21-Jun-17,"9,006,250,000"
5,ASRI,Alam Sutera Realty Tbk.,Property Real Estate & Building Construction,IDR,Utama,18 Des 2007,"19,649,411,888"
6,BAPA,Bekasi Asri Pemula Tbk.,Property Real Estate & Building Construction,IDR,Utama,14-Jan-08,"661,784,520"
7,BAPI,Bhakti Agung Propertindo Tbk.,Property Real Estate & Building Construction,IDR,Pengembangan,16-Sep-19,"5,591,740,000"
8,BCIP,Bumi Citra Permai Tbk.,Property Real Estate & Building Construction,IDR,PENGEMBANGAN,11 Des 2009,"1,429,915,525"
9,BEST,Bekasi Fajar Industrial Estate,Property Real Estate & Building Construction,IDR,UTAMA,10-Apr-12,"9,647,311,150"
10,BIKA,Binakarya Jaya Abadi Tbk.,Property Real Estate & Building Construction,IDR,PENGEMBANGAN,14-Jul-15,"592,280,000"
11,BIPP,Bhuwanatala Indah Permai Tbk.,Property Real Estate & Building Construction,IDR,PENGEMBANGAN,23 Okt 1995,"5,028,669,338"
12,BKDP,Bukit Darmo Property Tbk,Property Real Estate & Building Construction,IDR,Pengembangan,15-Jun-07,"7,513,992,252"
13,BKSL,Sentul City Tbk.,Property Real Estate & Building Construction,IDR,UTAMA,28-Jul-97,"55,258,666,481"
14,BSDE,Bumi Serpong Damai Tbk.,Property Real Estate & Building Construction,IDR,Utama,6-Jun-08,"19,246,696,192"
15,CITY,Natura City Developments Tbk.,Property Real Estate & Building Construction,IDR,UTAMA,28-Sep-18,"5,402,681,845"
16,COWL,Cowell Development Tbk.,Property Real Estate & Building Construction,IDR,PENGEMBANGAN,19 Des 2007,"4,871,214,021"
17,CPRI,Capri Nusa Satu Properti Tbk.,Property Real Estate & Building Construction,IDR,PENGEMBANGAN,11-Apr-19,"2,433,375,005"
18,CSIS,Cahayasakti Investindo Sukses,Property Real Estate & Building Construction,IDR,PENGEMBANGAN,10 Mei 2017,"1,307,000,000"
19,CTRA,Ciputra Development Tbk.,Property Real Estate & Building Construction,IDR,UTAMA,28-Mar-94,"18,560,303,397"
20,DART,Duta Anggada Realty Tbk.,Property Real Estate & Building Construction,IDR,UTAMA,08 Mei 1990,"3,141,390,962"
21,DGIK,Nusa Konstruksi Enjiniring Tbk,Property Real Estate & Building Construction,IDR,Utama,19 Des 2007,"5,541,165,000"
22,DILD,Intiland Development Tbk.,Property Real Estate & Building Construction,IDR,UTAMA,4-Sep-91,"10,365,854,185"
23,DMAS,Puradelta Lestari Tbk.,Property Real Estate & Building Construction,IDR,UTAMA,29 Mei 2015,"48,198,111,100"
24,DUTI,Duta Pertiwi Tbk,Property Real Estate & Building Construction,IDR,PENGEMBANGAN,2-Nov-94,"1,850,000,000"
25,ELTY,Bakrieland Development Tbk.,Property Real Estate & Building Construction,IDR,PENGEMBANGAN,30 Okt 1995,"43,521,913,019"
26,EMDE,Megapolitan Developments Tbk.,Property Real Estate & Building Construction,IDR,PENGEMBANGAN,12-Jan-11,"3,350,000,000"
27,FMII,Fortune Mate Indonesia Tbk,Property Real Estate & Building Construction,IDR,Pengembangan,30-Jun-00,"2,721,000,000"
28,FORZ,Forza Land Indonesia Tbk.,Property Real Estate & Building Construction,IDR,UTAMA,28-Apr-17,"1,984,009,887"
29,GAMA,Gading Development Tbk.,Property Real Estate & Building Construction,IDR,UTAMA,11-Jul-12,"10,011,027,656"
30,GMTD,Gowa Makassar Tourism Developm,Property Real Estate & Building Construction,IDR,PENGEMBANGAN,11 Des 2000,"101,538,000"
31,GPRA,Perdana Gapuraprima Tbk.,Property Real Estate & Building Construction,IDR,UTAMA,10 Okt 2007,"4,276,655,336"
32,GWSA,Greenwood Sejahtera Tbk.,Property Real Estate & Building Construction,IDR,UTAMA,23 Des 2011,"7,800,760,000"
33,IDPR,Indonesia Pondasi Raya Tbk.,Property Real Estate & Building Construction,IDR,UTAMA,10 Des 2015,"2,003,000,000"
34,INDO,Royalindo Investa Wijaya Tbk.,Property Real Estate & Building Construction,IDR,Pengembangan,13-Jan-20,"4,309,100,000"
35,JKON,Jaya Konstruksi Manggala Prata,Property Real Estate & Building Construction,IDR,UTAMA,04 Des 2007,"16,308,519,860"
36,JRPT,Jaya Real Property Tbk.,Property Real Estate & Building Construction,IDR,UTAMA,29-Jun-94,"13,750,000,000"
37,KIJA,Kawasan Industri Jababeka Tbk.,Property Real Estate & Building Construction,IDR,UTAMA,10-Jan-95,"20,824,888,369"
38,KOTA,DMS Propertindo Tbk.,Property Real Estate & Building Construction,IDR,UTAMA,9-Jul-19,"10,506,955,600"
39,LAND,Trimitra Propertindo Tbk.,Property Real Estate & Building Construction,IDR,PENGEMBANGAN,23 Ags 2018,"2,792,620,000"
40,LCGP,Eureka Prima Jakarta Tbk.,Property Real Estate & Building Construction,IDR,PENGEMBANGAN,13-Jul-07,"5,630,000,914"
41,LPCK,Lippo Cikarang Tbk,Property Real Estate & Building Construction,IDR,Utama,24-Jul-97,"2,679,600,000"
42,LPKR,Lippo Karawaci Tbk.,Property Real Estate & Building Construction,IDR,UTAMA,28-Jun-96,"70,898,018,369"
43,MABA,Marga Abhinaya Abadi Tbk.,Property Real Estate & Building Construction,IDR,PENGEMBANGAN,22-Jun-17,"15,365,229,912"
44,MDLN,Modernland Realty Tbk.,Property Real Estate & Building Construction,IDR,UTAMA,18-Jan-93,"12,533,067,322"
45,MKPI,Metropolitan Kentjana Tbk.,Property Real Estate & Building Construction,IDR,Pengembangan,10-Jul-09,"948,194,000"
46,MMLP,Mega Manunggal Property Tbk.,Property Real Estate & Building Construction,IDR,PENGEMBANGAN,12-Jun-15,"6,889,134,608"
47,MPRO,Maha Properti Indonesia Tbk.,Property Real Estate & Building Construction,IDR,Pengembangan,09 Okt 2018,"9,942,500,000"
48,MTLA,Metropolitan Land Tbk.,Property Real Estate & Building Construction,IDR,UTAMA,20-Jun-11,"7,655,126,330"
49,MTRA,Mitra Pemuda Tbk.,Property Real Estate & Building Construction,IDR,PENGEMBANGAN,10-Feb-16,"770,000,000"
50,MTSM,Metro Realty Tbk.,Property Real Estate & Building Construction,IDR,PENGEMBANGAN,8-Jan-92,"232,848,000"
51,MYRX,Hanson International Tbk.,Property Real Estate & Building Construction,IDR,PENGEMBANGAN,31 Okt 1990,"86,703,220,792"
52,NIRO,City Retail Developments Tbk.,Property Real Estate & Building Construction,IDR,PENGEMBANGAN,13-Sep-12,"22,198,871,804"
53,NRCA,Nusa Raya Cipta Tbk.,Property Real Estate & Building Construction,IDR,Utama,27-Jun-13,"2,496,258,344"
54,NZIA,Nusantara Almazia Tbk.,Property Real Estate & Building Construction,IDR,Utama,25-Sep-19,"2,197,538,000"
55,OMRE,Indonesia Prima Property Tbk,Property Real Estate & Building Construction,IDR,PENGEMBANGAN,22 Ags 1994,"1,745,000,000"
56,PAMG,Bima Sakti Pertiwi Tbk.,Property Real Estate & Building Construction,IDR,UTAMA,5-Jul-19,"3,125,000,000"
57,PBSA,Paramita Bangun Sarana Tbk.,Property Real Estate & Building Construction,IDR,UTAMA,28-Sep-16,"1,500,000,000"
58,PLIN,Plaza Indonesia Realty Tbk.,Property Real Estate & Building Construction,IDR,UTAMA,15-Jun-92,"3,550,000,000"
59,POLI,Pollux Investasi Internasional,Property Real Estate & Building Construction,IDR,PENGEMBANGAN,10-Jan-19,"2,010,526,400"
60,POLL,Pollux Properti Indonesia Tbk.,Property Real Estate & Building Construction,IDR,UTAMA,11-Jul-18,"8,318,823,600"
61,POSA,Bliss Properti Indonesia Tbk.,Property Real Estate & Building Construction,IDR,PENGEMBANGAN,10 Mei 2019,"8,388,870,005"
62,PPRO,PP Properti Tbk.,Property Real Estate & Building Construction,IDR,UTAMA,19 Mei 2015,"61,675,671,883"
63,PTPP,PP (Persero) Tbk.,Property Real Estate & Building Construction,IDR,Utama,9-Feb-10,"6,199,897,354"
64,PWON,Pakuwon Jati Tbk.,Property Real Estate & Building Construction,IDR,UTAMA,09 Okt 1989,"48,159,602,400"
65,RBMS,Ristia Bintang Mahkotasejati T,Property Real Estate & Building Construction,IDR,Utama,19 Des 1997,"2,656,212,826"
66,RDTX,Roda Vivatex Tbk,Property Real Estate & Building Construction,IDR,UTAMA,14 Mei 1990,"268,800,000"
67,REAL,Repower Asia Indonesia Tbk.,Property Real Estate & Building Construction,IDR,Pengembangan,06 Des 2019,"6,632,640,000"
68,RIMO,Rimo International Lestari Tbk,Property Real Estate & Building Construction,IDR,Pengembangan,10-Nov-00,"45,080,600,000"
69,RISE,Jaya Sukses Makmur Sentosa Tbk,Property Real Estate & Building Construction,IDR,UTAMA,9-Jul-18,"9,950,000,000"
70,RODA,Pikko Land Development Tbk.,Property Real Estate & Building Construction,IDR,PENGEMBANGAN,22 Okt 2001,"13,592,128,209"
71,SATU,Kota Satu Properti Tbk.,Property Real Estate & Building Construction,IDR,PENGEMBANGAN,5-Nov-18,"1,250,000,000"
72,SCBD,Danayasa Arthatama Tbk.,Property Real Estate & Building Construction,IDR,Pengembangan,19-Apr-02,"3,322,092,000"
73,SKRN,Superkrane Mitra Utama Tbk.,Property Real Estate & Building Construction,IDR,Pengembangan,11 Okt 2018,"1,500,000,000"
74,SMDM,Suryamas Dutamakmur Tbk.,Property Real Estate & Building Construction,IDR,PENGEMBANGAN,12 Okt 1995,"4,772,138,237"
75,SMRA,Summarecon Agung Tbk.,Property Real Estate & Building Construction,IDR,Utama,07 Mei 1990,"14,426,781,680"
76,SSIA,Surya Semesta Internusa Tbk.,Property Real Estate & Building Construction,IDR,UTAMA,27-Mar-97,"4,705,249,440"
77,TARA,Sitara Propertindo Tbk.,Property Real Estate & Building Construction,IDR,UTAMA,11-Jul-14,"10,069,645,750"
78,TOPS,Totalindo Eka Persada Tbk.,Property Real Estate & Building Construction,IDR,UTAMA,16-Jun-17,"33,330,000,000"
79,TOTL,Total Bangun Persada Tbk.,Property Real Estate & Building Construction,IDR,UTAMA,25-Jul-06,"3,410,000,000"
80,TRIN,Perintis Triniti Properti Tbk.,Property Real Estate & Building Construction,IDR,Utama,15-Jan-20,"4,373,333,400"
81,URBN,Urban Jakarta Propertindo Tbk.,Property Real Estate & Building Construction,IDR,PENGEMBANGAN,10 Des 2018,"3,232,122,586"
82,WEGE,Wijaya Karya Bangunan Gedung T,Property Real Estate & Building Construction,IDR,UTAMA,30-Nov-17,"9,572,000,000"
83,WIKA,Wijaya Karya (Persero) Tbk.,Property Real Estate & Building Construction,IDR,Utama,29 Okt 2007,"8,969,951,372"
84,WSKT,Waskita Karya (Persero) Tbk.,Property Real Estate & Building Construction,IDR,UTAMA,19 Des 2012,"13,573,951,000"
1,ABBA,Mahaka Media Tbk.,Trade Service & Investment,IDR,PENGEMBANGAN,3-Apr-02,"2,755,125,000"
2,ABMM,ABM Investama Tbk.,Trade Service & Investment,USD,Utama,06 Des 2011,"2,753,165,000"
3,ACES,Ace Hardware Indonesia Tbk.,Trade Service & Investment,IDR,UTAMA,6-Nov-07,"17,150,000,000"
4,AGAR,Asia Sejahtera Mina Tbk.,Trade Service & Investment,IDR,Pengembangan,02 Des 2019,"1,000,000,000"
5,AIMS,Akbar Indo Makmur Stimec Tbk,Trade Service & Investment,USD,PENGEMBANGAN,20-Jul-01,"220,000,000"
6,AKKU,Anugerah Kagum Karya Utama Tbk,Trade Service & Investment,IDR,PENGEMBANGAN,1-Nov-04,"6,449,463,636"
7,AKRA,AKR Corporindo Tbk.,Trade Service & Investment,IDR,Utama,03 Okt 1994,"4,014,694,920"
8,AMRT,Sumber Alfaria Trijaya Tbk.,Trade Service & Investment,IDR,UTAMA,15-Jan-09,"41,524,501,700"
9,APII,Arita Prima Indonesia Tbk.,Trade Service & Investment,IDR,PENGEMBANGAN,29 Okt 2013,"1,075,760,000"
10,ARTA,Arthavest Tbk,Trade Service & Investment,IDR,PENGEMBANGAN,5-Nov-02,"446,674,175"
11,ASGR,Astra Graphia Tbk.,Trade Service & Investment,IDR,UTAMA,15-Nov-89,"1,348,780,500"
12,ATIC,Anabatic Technologies Tbk.,Trade Service & Investment,IDR,UTAMA,8-Jul-15,"2,315,361,355"
13,BAYU,Bayu Buana Tbk,Trade Service & Investment,IDR,Pengembangan,30 Okt 1989,"353,220,780"
14,BHIT,MNC Investama Tbk.,Trade Service & Investment,IDR,UTAMA,24-Nov-97,"67,767,400,934"
15,BLTZ,Graha Layar Prima Tbk.,Trade Service & Investment,IDR,PENGEMBANGAN,10-Apr-14,"873,937,142"
16,BLUE,Berkah Prima Perkasa Tbk.,Trade Service & Investment,IDR,PENGEMBANGAN,8-Jul-19,"418,000,000"
17,BMSR,Bintang Mitra Semestaraya Tbk,Trade Service & Investment,IDR,UTAMA,29 Des 1999,"1,159,200,024"
18,BMTR,Global Mediacom Tbk.,Trade Service & Investment,IDR,Utama,17-Jul-95,"15,334,511,286"
19,BNBR,Bakrie & Brothers Tbk,Trade Service & Investment,IDR,PENGEMBANGAN,28 Ags 1989,"20,863,053,480"
20,BOGA,Bintang Oto Global Tbk.,Trade Service & Investment,IDR,PENGEMBANGAN,19 Des 2016,"3,803,526,210"
21,BOLA,Bali Bintang Sejahtera Tbk.,Trade Service & Investment,IDR,PENGEMBANGAN,17-Jun-19,"6,000,000,000"
22,BUVA,Bukit Uluwatu Villa Tbk.,Trade Service & Investment,IDR,Pengembangan,12-Jul-10,"6,811,269,200"
23,CARS,Industri dan Perdagangan Bintr,Trade Service & Investment,IDR,PENGEMBANGAN,10-Apr-17,"15,000,000,000"
24,CLAY,Citra Putra Realty Tbk.,Trade Service & Investment,IDR,PENGEMBANGAN,18-Jan-19,"2,570,000,000"
25,CLPI,Colorpak Indonesia Tbk.,Trade Service & Investment,IDR,PENGEMBANGAN,30-Nov-01,"306,338,500"
26,CNKO,Exploitasi Energi Indonesia Tb,Trade Service & Investment,IDR,UTAMA,20-Nov-01,"8,956,361,206"
27,CSAP,Catur Sentosa Adiprana Tbk.,Trade Service & Investment,IDR,UTAMA,12 Des 2007,"4,458,352,920"
28,DAYA,Duta Intidaya Tbk.,Trade Service & Investment,IDR,PENGEMBANGAN,28-Jun-16,"2,420,547,025"
29,DFAM,Dafam Property Indonesia Tbk.,Trade Service & Investment,IDR,PENGEMBANGAN,27-Apr-18,"1,899,582,490"
30,DIGI,Arkadia Digital Media Tbk.,Trade Service & Investment,IDR,PENGEMBANGAN,18-Sep-18,"325,000,000"
31,DIVA,Distribusi Voucher Nusantara T,Trade Service & Investment,IDR,PENGEMBANGAN,27-Nov-18,"714,285,700"
32,DMMX,Digital Mediatama Maxima Tbk.,Trade Service & Investment,IDR,Pengembangan,21 Okt 2019,"7,692,307,700"
33,DNET,Indoritel Makmur Internasional,Trade Service & Investment,IDR,PENGEMBANGAN,11 Des 2000,"14,184,000,000"
34,DPUM,Dua Putra Utama Makmur Tbk.,Trade Service & Investment,IDR,UTAMA,08 Des 2015,"4,175,000,000"
35,DUCK,Jaya Bersama Indo Tbk.,Trade Service & Investment,IDR,UTAMA,10 Okt 2018,"1,283,330,000"
36,DWGL,Dwi Guna Laksana Tbk.,Trade Service & Investment,IDR,Pengembangan,13 Des 2017,"8,710,313,631"
37,DYAN,Dyandra Media International Tb,Trade Service & Investment,IDR,UTAMA,25-Mar-13,"4,272,964,279"
38,EAST,Eastparc Hotel Tbk.,Trade Service & Investment,IDR,Pengembangan,9-Jul-19,"4,126,366,095"
39,ECII,Electronic City Indonesia Tbk.,Trade Service & Investment,IDR,PENGEMBANGAN,3-Jul-13,"1,334,333,000"
40,EMTK,Elang Mahkota Teknologi Tbk.,Trade Service & Investment,IDR,Utama,12-Jan-10,"5,642,275,242"
41,ENVY,Envy Technologies Indonesia Tb,Trade Service & Investment,IDR,PENGEMBANGAN,8-Jul-19,"1,800,000,000"
42,EPMT,Enseval Putera Megatrading Tbk,Trade Service & Investment,IDR,Pengembangan,01 Ags 1994,"2,708,640,000"
43,ERAA,Erajaya Swasembada Tbk.,Trade Service & Investment,IDR,Utama,14 Des 2011,"3,190,000,000"
44,FAST,Fast Food Indonesia Tbk.,Trade Service & Investment,IDR,PENGEMBANGAN,11 Mei 1993,"1,995,138,579"
45,FILM,MD Pictures Tbk.,Trade Service & Investment,IDR,UTAMA,07 Ags 2018,"9,511,217,000"
46,FISH,FKS Multi Agro Tbk.,Trade Service & Investment,USD,PENGEMBANGAN,18-Jan-02,"480,000,000"
47,FITT,Hotel Fitra International Tbk.,Trade Service & Investment,IDR,PENGEMBANGAN,11-Jun-19,"600,000,000"
48,FORU,Fortune Indonesia Tbk,Trade Service & Investment,IDR,PENGEMBANGAN,17-Jan-04,"465,224,000"
49,GEMA,Gema Grahasarana Tbk.,Trade Service & Investment,IDR,Pengembangan,12 Ags 2002,"1,600,000,000"
50,GLOB,Global Teleshop Tbk.,Trade Service & Investment,IDR,Pengembangan,10-Jul-12,"1,111,112,000"
51,GLVA,Galva Technologies Tbk.,Trade Service & Investment,IDR,Pengembangan,23 Des 2019,"1,500,000,000"
52,GREN,Evergreen Invesco Tbk.,Trade Service & Investment,USD,UTAMA,9-Jul-10,"4,694,111,791"
53,HADE,Himalaya Energi Perkasa Tbk.,Trade Service & Investment,IDR,PENGEMBANGAN,12-Apr-04,"2,120,000,000"
54,HDIT,Hensel Davest Indonesia Tbk.,Trade Service & Investment,IDR,Utama,12-Jul-19,"1,524,680,000"
55,HEAL,Medikaloka Hermina Tbk.,Trade Service & Investment,IDR,UTAMA,16 Mei 2018,"2,973,000,000"
56,HERO,Hero Supermarket Tbk.,Trade Service & Investment,IDR,UTAMA,02 Des 1989,"4,183,634,000"
57,HEXA,Hexindo Adiperkasa Tbk.,Trade Service & Investment,USD,UTAMA,13-Feb-95,"840,000,000"
58,HKMU,HK Metals Utama Tbk.,Trade Service & Investment,IDR,Utama,09 Okt 2018,"3,221,750,000"
59,HOME,Hotel Mandarine Regency Tbk.,Trade Service & Investment,IDR,PENGEMBANGAN,17-Jul-08,"22,212,194,782"
60,HOTL,Saraswati Griya Lestari Tbk.,Trade Service & Investment,IDR,Utama,10-Jan-13,"3,550,001,452"
61,HRME,Menteng Heritage Realty Tbk.,Trade Service & Investment,IDR,PENGEMBANGAN,12-Apr-19,"5,958,750,000"
62,ICON,Island Concepts Indonesia Tbk.,Trade Service & Investment,IDR,Pengembangan,8-Jul-05,"1,089,750,000"
63,IKAI,Intikeramik Alamasri Industri,Trade Service & Investment,IDR,Utama,4-Jun-97,"13,305,799,387"
64,INDX,Tanah Laut Tbk,Trade Service & Investment,IDR,PENGEMBANGAN,17 Mei 2001,"437,913,588"
65,INPP,Indonesian Paradise Property T,Trade Service & Investment,IDR,PENGEMBANGAN,01 Des 2004,"11,181,971,732"
66,INPS,Indah Prakasa Sentosa Tbk.,Trade Service & Investment,IDR,PENGEMBANGAN,6-Apr-18,"650,000,000"
67,INTA,Intraco Penta Tbk.,Trade Service & Investment,IDR,PENGEMBANGAN,23 Ags 1993,"3,339,642,762"
68,INTD,Inter Delta Tbk,Trade Service & Investment,IDR,PENGEMBANGAN,18 Des 1989,"591,828,000"
69,IPTV,MNC Vision Networks Tbk.,Trade Service & Investment,IDR,UTAMA,8-Jul-19,"36,339,999,339"
70,IRRA,Itama Ranoraya Tbk.,Trade Service & Investment,IDR,Pengembangan,15 Okt 2019,"1,600,000,000"
71,ITMA,Sumber Energi Andalan Tbk.,Trade Service & Investment,IDR,PENGEMBANGAN,10 Des 1990,"870,701,000"
72,JGLE,Graha Andrasentra Propertindo,Trade Service & Investment,IDR,Pengembangan,29-Jun-16,"22,581,909,405"
73,JIHD,Jakarta International Hotels &,Trade Service & Investment,IDR,PENGEMBANGAN,29-Feb-84,"2,329,040,482"
74,JSPT,Jakarta Setiabudi Internasiona,Trade Service & Investment,IDR,PENGEMBANGAN,12-Jan-98,"2,318,736,000"
75,JTPE,Jasuindo Tiga Perkasa Tbk.,Trade Service & Investment,IDR,PENGEMBANGAN,16-Apr-02,"1,713,012,500"
76,KAYU,Darmi Bersaudara Tbk.,Trade Service & Investment,IDR,Pengembangan,4-Jul-19,"665,000,000"
77,KBLV,First Media Tbk.,Trade Service & Investment,IDR,PENGEMBANGAN,25-Feb-00,"1,742,167,907"
78,KIOS,Kioson Komersial Indonesia Tbk,Trade Service & Investment,IDR,PENGEMBANGAN,05 Okt 2017,"717,239,900"
79,KOBX,Kobexindo Tractors Tbk.,Trade Service & Investment,IDR,UTAMA,5-Jul-12,"2,272,500,000"
80,KOIN,Kokoh Inti Arebama Tbk,Trade Service & Investment,IDR,PENGEMBANGAN,9-Apr-08,"980,843,732"
81,KONI,Perdana Bangun Pusaka Tbk,Trade Service & Investment,IDR,Pengembangan,22 Ags 1995,"152,000,000"
82,KPIG,MNC Land Tbk.,Trade Service & Investment,IDR,Pengembangan,30-Mar-00,"80,625,726,664"
83,KREN,Kresna Graha Investama Tbk.,Trade Service & Investment,IDR,UTAMA,28-Jun-02,"18,208,470,100"
84,LINK,Link Net Tbk.,Trade Service & Investment,IDR,UTAMA,2-Jun-14,"2,863,195,484"
85,LMAS,Limas Indonesia Makmur Tbk,Trade Service & Investment,IDR,PENGEMBANGAN,28 Des 2001,"787,851,525"
86,LPLI,Star Pacific Tbk,Trade Service & Investment,IDR,Pengembangan,23 Okt 1989,"1,170,432,803"
87,LPPF,Matahari Department Store Tbk.,Trade Service & Investment,IDR,Utama,10 Okt 1989,"2,804,883,280"
88,LTLS,Lautan Luas Tbk.,Trade Service & Investment,IDR,Utama,21-Jul-97,"1,560,000,000"
89,LUCK,Sentral Mitra Informatika Tbk.,Trade Service & Investment,IDR,Pengembangan,28-Nov-18,"715,749,640"
90,MAMI,Mas Murni Indonesia Tbk,Trade Service & Investment,IDR,PENGEMBANGAN,9-Feb-94,"12,299,116,331"
91,MAPA,Map Aktif Adiperkasa Tbk.,Trade Service & Investment,IDR,PENGEMBANGAN,5-Jul-18,"2,850,400,000"
92,MAPB,MAP Boga Adiperkasa Tbk.,Trade Service & Investment,IDR,PENGEMBANGAN,21-Jun-17,"2,170,922,900"
93,MAPI,Mitra Adiperkasa Tbk.,Trade Service & Investment,IDR,Utama,10-Nov-04,"16,600,000,000"
94,MARI,Mahaka Radio Integra Tbk.,Trade Service & Investment,IDR,PENGEMBANGAN,11-Feb-16,"5,252,644,000"
95,MCAS,M Cash Integrasi Tbk.,Trade Service & Investment,IDR,PENGEMBANGAN,1-Nov-17,"867,933,300"
96,MDIA,Intermedia Capital Tbk.,Trade Service & Investment,IDR,UTAMA,11-Apr-14,"39,215,538,400"
97,MDRN,Modern Internasional Tbk.,Trade Service & Investment,IDR,UTAMA,16-Jul-91,"7,632,167,798"
98,MFMI,Multifiling Mitra Indonesia Tb,Trade Service & Investment,IDR,PENGEMBANGAN,29 Des 2010,"757,581,000"
99,MICE,Multi Indocitra Tbk.,Trade Service & Investment,IDR,PENGEMBANGAN,2-Nov-05,"600,000,000"
100,MIDI,Midi Utama Indonesia Tbk.,Trade Service & Investment,IDR,Pengembangan,30-Nov-10,"2,882,353,000"
